order,segment,user_id,target_item,corrected_target_rank,corrected_hit_at_1,corrected_hit_at_3,corrected_hit_at_5,corrected_hit_at_10,corrected_ndcg_at_10,corrected_ranking_success,memory_only_target_rank,memory_only_hit_at_1,memory_only_hit_at_3,memory_only_hit_at_5,memory_only_hit_at_10,memory_only_ndcg_at_10,memory_only_ranking_success,read_target_rank,read_hit_at_1,read_hit_at_3,read_hit_at_5,read_hit_at_10,read_ndcg_at_10,read_ranking_success,full_target_rank,full_hit_at_1,full_hit_at_3,full_hit_at_5,full_hit_at_10,full_ndcg_at_10,full_ranking_success,memory_only_minus_corrected_ndcg_at_10,read_minus_memory_only_ndcg_at_10,full_minus_read_ndcg_at_10
1,1,2409,179029,0,1,1,1,1,1.0,True,0,1,1,1,1,1.0,True,0,1,1,1,1,1.0,True,0,1,1,1,1,1.0,True,0.0,0.0,0.0
2,1,3633,66210,0,1,1,1,1,1.0,True,0,1,1,1,1,1.0,True,0,1,1,1,1,1.0,True,0,1,1,1,1,1.0,True,0.0,0.0,0.0
3,1,4224,109802,0,1,1,1,1,1.0,True,0,1,1,1,1,1.0,True,0,1,1,1,1,1.0,True,0,1,1,1,1,1.0,True,0.0,0.0,0.0
4,1,2288,86434,2,0,1,1,1,0.5,True,2,0,1,1,1,0.5,True,2,0,1,1,1,0.5,True,2,0,1,1,1,0.5,True,0.0,0.0,0.0
5,1,806,110401,8,0,0,0,1,0.3010299956639812,True,7,0,0,0,1,0.31546487678572877,True,7,0,0,0,1,0.31546487678572877,True,9,0,0,0,1,0.2890648263178879,True,0.014434881121747567,0.0,-0.026400050467840885
6,1,2672,95575,2,0,1,1,1,0.5,True,1,0,1,1,1,0.6309297535714575,True,1,0,1,1,1,0.6309297535714575,True,1,0,1,1,1,0.6309297535714575,True,0.13092975357145753,0.0,0.0
7,1,2970,78224,1,0,1,1,1,0.6309297535714575,True,1,0,1,1,1,0.6309297535714575,True,0,1,1,1,1,1.0,True,0,1,1,1,1,1.0,True,0.0,0.36907024642854247,0.0
8,1,212,148335,0,1,1,1,1,1.0,True,0,1,1,1,1,1.0,True,0,1,1,1,1,1.0,True,0,1,1,1,1,1.0,True,0.0,0.0,0.0
9,1,709,10151,3,0,0,1,1,0.43067655807339306,True,2,0,1,1,1,0.5,True,2,0,1,1,1,0.5,True,3,0,0,1,1,0.43067655807339306,True,0.06932344192660694,0.0,-0.06932344192660694
10,1,4193,30055,4,0,0,1,1,0.38685280723454163,True,3,0,0,1,1,0.43067655807339306,True,4,0,0,1,1,0.38685280723454163,True,3,0,0,1,1,0.43067655807339306,True,0.04382375083885143,-0.04382375083885143,0.04382375083885143
11,1,113,104049,1,0,1,1,1,0.6309297535714575,True,0,1,1,1,1,1.0,True,0,1,1,1,1,1.0,True,1,0,1,1,1,0.6309297535714575,True,0.36907024642854247,0.0,-0.36907024642854247
12,1,1093,137061,3,0,0,1,1,0.43067655807339306,True,3,0,0,1,1,0.43067655807339306,True,3,0,0,1,1,0.43067655807339306,True,2,0,1,1,1,0.5,True,0.0,0.0,0.06932344192660694
13,1,2510,94761,6,0,0,0,1,0.3333333333333333,True,6,0,0,0,1,0.3333333333333333,True,6,0,0,0,1,0.3333333333333333,True,3,0,0,1,1,0.43067655807339306,True,0.0,0.0,0.09734322474005974
14,1,6921,59558,7,0,0,0,1,0.31546487678572877,True,8,0,0,0,1,0.3010299956639812,True,7,0,0,0,1,0.31546487678572877,True,7,0,0,0,1,0.31546487678572877,True,-0.014434881121747567,0.014434881121747567,0.0
15,1,1117,81851,9,0,0,0,1,0.2890648263178879,True,9,0,0,0,1,0.2890648263178879,True,9,0,0,0,1,0.2890648263178879,True,9,0,0,0,1,0.2890648263178879,True,0.0,0.0,0.0
16,1,2739,39502,0,1,1,1,1,1.0,True,0,1,1,1,1,1.0,True,0,1,1,1,1,1.0,True,3,0,0,1,1,0.43067655807339306,True,0.0,0.0,-0.5693234419266069
17,1,7327,147384,5,0,0,0,1,0.3562071871080222,True,5,0,0,0,1,0.3562071871080222,True,5,0,0,0,1,0.3562071871080222,True,5,0,0,0,1,0.3562071871080222,True,0.0,0.0,0.0
18,1,6382,62195,0,1,1,1,1,1.0,True,1,0,1,1,1,0.6309297535714575,True,1,0,1,1,1,0.6309297535714575,True,0,1,1,1,1,1.0,True,-0.36907024642854247,0.0,0.36907024642854247
19,1,5585,3153,2,0,1,1,1,0.5,True,0,1,1,1,1,1.0,True,0,1,1,1,1,1.0,True,0,1,1,1,1,1.0,True,0.5,0.0,0.0
20,1,347,48897,0,1,1,1,1,1.0,True,0,1,1,1,1,1.0,True,0,1,1,1,1,1.0,True,0,1,1,1,1,1.0,True,0.0,0.0,0.0
21,1,5378,2319,1,0,1,1,1,0.6309297535714575,True,2,0,1,1,1,0.5,True,2,0,1,1,1,0.5,True,2,0,1,1,1,0.5,True,-0.13092975357145753,0.0,0.0
22,1,657,154522,7,0,0,0,1,0.31546487678572877,True,7,0,0,0,1,0.31546487678572877,True,7,0,0,0,1,0.31546487678572877,True,5,0,0,0,1,0.3562071871080222,True,0.0,0.0,0.04074231032229342
23,1,1263,127589,5,0,0,0,1,0.3562071871080222,True,5,0,0,0,1,0.3562071871080222,True,5,0,0,0,1,0.3562071871080222,True,5,0,0,0,1,0.3562071871080222,True,0.0,0.0,0.0
24,1,2406,87595,2,0,1,1,1,0.5,True,2,0,1,1,1,0.5,True,2,0,1,1,1,0.5,True,5,0,0,0,1,0.3562071871080222,True,0.0,0.0,-0.14379281289197782
25,1,6815,136430,0,1,1,1,1,1.0,True,0,1,1,1,1,1.0,True,0,1,1,1,1,1.0,True,0,1,1,1,1,1.0,True,0.0,0.0,0.0
26,1,6328,37926,9,0,0,0,1,0.2890648263178879,True,9,0,0,0,1,0.2890648263178879,True,9,0,0,0,1,0.2890648263178879,True,9,0,0,0,1,0.2890648263178879,True,0.0,0.0,0.0
27,1,1422,190697,1,0,1,1,1,0.6309297535714575,True,3,0,0,1,1,0.43067655807339306,True,3,0,0,1,1,0.43067655807339306,True,3,0,0,1,1,0.43067655807339306,True,-0.20025319549806447,0.0,0.0
28,1,1901,44335,0,1,1,1,1,1.0,True,0,1,1,1,1,1.0,True,0,1,1,1,1,1.0,True,0,1,1,1,1,1.0,True,0.0,0.0,0.0
29,1,7265,146478,2,0,1,1,1,0.5,True,1,0,1,1,1,0.6309297535714575,True,1,0,1,1,1,0.6309297535714575,True,3,0,0,1,1,0.43067655807339306,True,0.13092975357145753,0.0,-0.20025319549806447
30,1,6526,82150,0,1,1,1,1,1.0,True,0,1,1,1,1,1.0,True,0,1,1,1,1,1.0,True,0,1,1,1,1,1.0,True,0.0,0.0,0.0
31,1,6161,114684,0,1,1,1,1,1.0,True,0,1,1,1,1,1.0,True,0,1,1,1,1,1.0,True,0,1,1,1,1,1.0,True,0.0,0.0,0.0
32,1,3724,38276,3,0,0,1,1,0.43067655807339306,True,2,0,1,1,1,0.5,True,2,0,1,1,1,0.5,True,3,0,0,1,1,0.43067655807339306,True,0.06932344192660694,0.0,-0.06932344192660694
33,1,738,28449,6,0,0,0,1,0.3333333333333333,True,6,0,0,0,1,0.3333333333333333,True,6,0,0,0,1,0.3333333333333333,True,6,0,0,0,1,0.3333333333333333,True,0.0,0.0,0.0
34,1,5278,107193,0,1,1,1,1,1.0,True,2,0,1,1,1,0.5,True,2,0,1,1,1,0.5,True,2,0,1,1,1,0.5,True,-0.5,0.0,0.0
35,1,3555,75347,8,0,0,0,1,0.3010299956639812,True,8,0,0,0,1,0.3010299956639812,True,8,0,0,0,1,0.3010299956639812,True,7,0,0,0,1,0.31546487678572877,True,0.0,0.0,0.014434881121747567
36,1,1327,28498,0,1,1,1,1,1.0,True,0,1,1,1,1,1.0,True,0,1,1,1,1,1.0,True,0,1,1,1,1,1.0,True,0.0,0.0,0.0
37,1,6020,22427,0,1,1,1,1,1.0,True,0,1,1,1,1,1.0,True,0,1,1,1,1,1.0,True,0,1,1,1,1,1.0,True,0.0,0.0,0.0
38,1,567,42368,0,1,1,1,1,1.0,True,0,1,1,1,1,1.0,True,0,1,1,1,1,1.0,True,0,1,1,1,1,1.0,True,0.0,0.0,0.0
39,1,311,47018,5,0,0,0,1,0.3562071871080222,True,6,0,0,0,1,0.3333333333333333,True,6,0,0,0,1,0.3333333333333333,True,5,0,0,0,1,0.3562071871080222,True,-0.022873853774688868,0.0,0.022873853774688868
40,1,1577,137888,0,1,1,1,1,1.0,True,0,1,1,1,1,1.0,True,0,1,1,1,1,1.0,True,0,1,1,1,1,1.0,True,0.0,0.0,0.0
41,1,2817,110886,0,1,1,1,1,1.0,True,0,1,1,1,1,1.0,True,0,1,1,1,1,1.0,True,0,1,1,1,1,1.0,True,0.0,0.0,0.0
42,1,2240,160967,0,1,1,1,1,1.0,True,0,1,1,1,1,1.0,True,0,1,1,1,1,1.0,True,0,1,1,1,1,1.0,True,0.0,0.0,0.0
43,1,3119,85547,2,0,1,1,1,0.5,True,2,0,1,1,1,0.5,True,2,0,1,1,1,0.5,True,2,0,1,1,1,0.5,True,0.0,0.0,0.0
44,1,6648,163261,2,0,1,1,1,0.5,True,0,1,1,1,1,1.0,True,0,1,1,1,1,1.0,True,2,0,1,1,1,0.5,True,0.5,0.0,-0.5
45,1,6225,171795,9,0,0,0,1,0.2890648263178879,True,9,0,0,0,1,0.2890648263178879,True,9,0,0,0,1,0.2890648263178879,True,9,0,0,0,1,0.2890648263178879,True,0.0,0.0,0.0
46,1,2812,90503,0,1,1,1,1,1.0,True,0,1,1,1,1,1.0,True,0,1,1,1,1,1.0,True,0,1,1,1,1,1.0,True,0.0,0.0,0.0
47,1,914,82547,1,0,1,1,1,0.6309297535714575,True,0,1,1,1,1,1.0,True,0,1,1,1,1,1.0,True,0,1,1,1,1,1.0,True,0.36907024642854247,0.0,0.0
48,1,3582,164985,0,1,1,1,1,1.0,True,4,0,0,1,1,0.38685280723454163,True,4,0,0,1,1,0.38685280723454163,True,4,0,0,1,1,0.38685280723454163,True,-0.6131471927654584,0.0,0.0
49,1,877,114573,2,0,1,1,1,0.5,True,2,0,1,1,1,0.5,True,3,0,0,1,1,0.43067655807339306,True,2,0,1,1,1,0.5,True,0.0,-0.06932344192660694,0.06932344192660694
50,1,209,60185,0,1,1,1,1,1.0,True,0,1,1,1,1,1.0,True,0,1,1,1,1,1.0,True,0,1,1,1,1,1.0,True,0.0,0.0,0.0
51,1,6445,74677,5,0,0,0,1,0.3562071871080222,True,7,0,0,0,1,0.31546487678572877,True,7,0,0,0,1,0.31546487678572877,True,6,0,0,0,1,0.3333333333333333,True,-0.04074231032229342,0.0,0.01786845654760455
52,1,2886,140135,6,0,0,0,1,0.3333333333333333,True,9,0,0,0,1,0.2890648263178879,True,9,0,0,0,1,0.2890648263178879,True,9,0,0,0,1,0.2890648263178879,True,-0.044268507015445435,0.0,0.0
53,1,2787,138471,0,1,1,1,1,1.0,True,0,1,1,1,1,1.0,True,0,1,1,1,1,1.0,True,0,1,1,1,1,1.0,True,0.0,0.0,0.0
54,1,6721,139168,1,0,1,1,1,0.6309297535714575,True,2,0,1,1,1,0.5,True,2,0,1,1,1,0.5,True,1,0,1,1,1,0.6309297535714575,True,-0.13092975357145753,0.0,0.13092975357145753
55,1,3378,80318,0,1,1,1,1,1.0,True,0,1,1,1,1,1.0,True,0,1,1,1,1,1.0,True,0,1,1,1,1,1.0,True,0.0,0.0,0.0
56,1,6008,20956,0,1,1,1,1,1.0,True,0,1,1,1,1,1.0,True,0,1,1,1,1,1.0,True,0,1,1,1,1,1.0,True,0.0,0.0,0.0
57,1,6401,134457,8,0,0,0,1,0.3010299956639812,True,8,0,0,0,1,0.3010299956639812,True,8,0,0,0,1,0.3010299956639812,True,8,0,0,0,1,0.3010299956639812,True,0.0,0.0,0.0
58,1,4582,74857,9,0,0,0,1,0.2890648263178879,True,9,0,0,0,1,0.2890648263178879,True,9,0,0,0,1,0.2890648263178879,True,9,0,0,0,1,0.2890648263178879,True,0.0,0.0,0.0
59,1,5680,93789,4,0,0,1,1,0.38685280723454163,True,5,0,0,0,1,0.3562071871080222,True,5,0,0,0,1,0.3562071871080222,True,6,0,0,0,1,0.3333333333333333,True,-0.030645620126519446,0.0,-0.022873853774688868
60,1,4636,155250,0,1,1,1,1,1.0,True,0,1,1,1,1,1.0,True,1,0,1,1,1,0.6309297535714575,True,2,0,1,1,1,0.5,True,0.0,-0.36907024642854247,-0.13092975357145753
61,1,5438,20674,1,0,1,1,1,0.6309297535714575,True,1,0,1,1,1,0.6309297535714575,True,1,0,1,1,1,0.6309297535714575,True,1,0,1,1,1,0.6309297535714575,True,0.0,0.0,0.0
62,1,6285,119225,2,0,1,1,1,0.5,True,5,0,0,0,1,0.3562071871080222,True,5,0,0,0,1,0.3562071871080222,True,3,0,0,1,1,0.43067655807339306,True,-0.14379281289197782,0.0,0.07446937096537087
63,1,5344,124074,0,1,1,1,1,1.0,True,0,1,1,1,1,1.0,True,0,1,1,1,1,1.0,True,0,1,1,1,1,1.0,True,0.0,0.0,0.0
64,1,6943,124076,1,0,1,1,1,0.6309297535714575,True,0,1,1,1,1,1.0,True,0,1,1,1,1,1.0,True,1,0,1,1,1,0.6309297535714575,True,0.36907024642854247,0.0,-0.36907024642854247
65,1,6034,144912,5,0,0,0,1,0.3562071871080222,True,5,0,0,0,1,0.3562071871080222,True,5,0,0,0,1,0.3562071871080222,True,4,0,0,1,1,0.38685280723454163,True,0.0,0.0,0.030645620126519446
66,1,5532,141423,2,0,1,1,1,0.5,True,1,0,1,1,1,0.6309297535714575,True,1,0,1,1,1,0.6309297535714575,True,1,0,1,1,1,0.6309297535714575,True,0.13092975357145753,0.0,0.0
67,1,2260,123800,0,1,1,1,1,1.0,True,0,1,1,1,1,1.0,True,0,1,1,1,1,1.0,True,0,1,1,1,1,1.0,True,0.0,0.0,0.0
68,1,5111,173204,0,1,1,1,1,1.0,True,0,1,1,1,1,1.0,True,0,1,1,1,1,1.0,True,1,0,1,1,1,0.6309297535714575,True,0.0,0.0,-0.36907024642854247
69,1,5703,31832,4,0,0,1,1,0.38685280723454163,True,2,0,1,1,1,0.5,True,4,0,0,1,1,0.38685280723454163,True,3,0,0,1,1,0.43067655807339306,True,0.11314719276545837,-0.11314719276545837,0.04382375083885143
70,1,596,183402,0,1,1,1,1,1.0,True,0,1,1,1,1,1.0,True,0,1,1,1,1,1.0,True,10,0,0,0,0,0.0,False,0.0,0.0,-1.0
71,1,4263,71139,8,0,0,0,1,0.3010299956639812,True,8,0,0,0,1,0.3010299956639812,True,8,0,0,0,1,0.3010299956639812,True,8,0,0,0,1,0.3010299956639812,True,0.0,0.0,0.0
72,1,3267,19224,9,0,0,0,1,0.2890648263178879,True,8,0,0,0,1,0.3010299956639812,True,8,0,0,0,1,0.3010299956639812,True,8,0,0,0,1,0.3010299956639812,True,0.011965169346093318,0.0,0.0
73,1,1890,111657,7,0,0,0,1,0.31546487678572877,True,6,0,0,0,1,0.3333333333333333,True,6,0,0,0,1,0.3333333333333333,True,6,0,0,0,1,0.3333333333333333,True,0.01786845654760455,0.0,0.0
74,1,3076,55069,4,0,0,1,1,0.38685280723454163,True,0,1,1,1,1,1.0,True,0,1,1,1,1,1.0,True,0,1,1,1,1,1.0,True,0.6131471927654584,0.0,0.0
75,1,1440,30237,1,0,1,1,1,0.6309297535714575,True,1,0,1,1,1,0.6309297535714575,True,1,0,1,1,1,0.6309297535714575,True,2,0,1,1,1,0.5,True,0.0,0.0,-0.13092975357145753
76,1,5391,55151,3,0,0,1,1,0.43067655807339306,True,3,0,0,1,1,0.43067655807339306,True,3,0,0,1,1,0.43067655807339306,True,2,0,1,1,1,0.5,True,0.0,0.0,0.06932344192660694
77,1,6760,73280,9,0,0,0,1,0.2890648263178879,True,9,0,0,0,1,0.2890648263178879,True,9,0,0,0,1,0.2890648263178879,True,8,0,0,0,1,0.3010299956639812,True,0.0,0.0,0.011965169346093318
78,1,165,5904,1,0,1,1,1,0.6309297535714575,True,0,1,1,1,1,1.0,True,0,1,1,1,1,1.0,True,0,1,1,1,1,1.0,True,0.36907024642854247,0.0,0.0
79,1,2222,23533,9,0,0,0,1,0.2890648263178879,True,9,0,0,0,1,0.2890648263178879,True,9,0,0,0,1,0.2890648263178879,True,9,0,0,0,1,0.2890648263178879,True,0.0,0.0,0.0
80,1,4324,53751,1,0,1,1,1,0.6309297535714575,True,1,0,1,1,1,0.6309297535714575,True,1,0,1,1,1,0.6309297535714575,True,4,0,0,1,1,0.38685280723454163,True,0.0,0.0,-0.2440769463369159
81,1,6113,25970,8,0,0,0,1,0.3010299956639812,True,8,0,0,0,1,0.3010299956639812,True,8,0,0,0,1,0.3010299956639812,True,8,0,0,0,1,0.3010299956639812,True,0.0,0.0,0.0
82,1,5365,46683,0,1,1,1,1,1.0,True,0,1,1,1,1,1.0,True,0,1,1,1,1,1.0,True,0,1,1,1,1,1.0,True,0.0,0.0,0.0
83,1,3687,11546,1,0,1,1,1,0.6309297535714575,True,1,0,1,1,1,0.6309297535714575,True,1,0,1,1,1,0.6309297535714575,True,1,0,1,1,1,0.6309297535714575,True,0.0,0.0,0.0
84,1,2594,150495,0,1,1,1,1,1.0,True,0,1,1,1,1,1.0,True,0,1,1,1,1,1.0,True,0,1,1,1,1,1.0,True,0.0,0.0,0.0
85,1,1892,71485,9,0,0,0,1,0.2890648263178879,True,9,0,0,0,1,0.2890648263178879,True,9,0,0,0,1,0.2890648263178879,True,8,0,0,0,1,0.3010299956639812,True,0.0,0.0,0.011965169346093318
86,1,3607,138506,0,1,1,1,1,1.0,True,2,0,1,1,1,0.5,True,3,0,0,1,1,0.43067655807339306,True,1,0,1,1,1,0.6309297535714575,True,-0.5,-0.06932344192660694,0.20025319549806447
87,1,3365,180176,8,0,0,0,1,0.3010299956639812,True,6,0,0,0,1,0.3333333333333333,True,3,0,0,1,1,0.43067655807339306,True,3,0,0,1,1,0.43067655807339306,True,0.03230333766935212,0.09734322474005974,0.0
88,1,7161,68534,0,1,1,1,1,1.0,True,0,1,1,1,1,1.0,True,2,0,1,1,1,0.5,True,1,0,1,1,1,0.6309297535714575,True,0.0,-0.5,0.13092975357145753
89,1,3321,37878,0,1,1,1,1,1.0,True,0,1,1,1,1,1.0,True,0,1,1,1,1,1.0,True,0,1,1,1,1,1.0,True,0.0,0.0,0.0
90,1,1333,90871,0,1,1,1,1,1.0,True,0,1,1,1,1,1.0,True,0,1,1,1,1,1.0,True,2,0,1,1,1,0.5,True,0.0,0.0,-0.5
91,1,5037,178548,0,1,1,1,1,1.0,True,1,0,1,1,1,0.6309297535714575,True,1,0,1,1,1,0.6309297535714575,True,0,1,1,1,1,1.0,True,-0.36907024642854247,0.0,0.36907024642854247
92,1,3952,11505,3,0,0,1,1,0.43067655807339306,True,8,0,0,0,1,0.3010299956639812,True,8,0,0,0,1,0.3010299956639812,True,8,0,0,0,1,0.3010299956639812,True,-0.12964656240941186,0.0,0.0
93,1,4780,124851,6,0,0,0,1,0.3333333333333333,True,3,0,0,1,1,0.43067655807339306,True,3,0,0,1,1,0.43067655807339306,True,3,0,0,1,1,0.43067655807339306,True,0.09734322474005974,0.0,0.0
94,1,846,34628,2,0,1,1,1,0.5,True,0,1,1,1,1,1.0,True,0,1,1,1,1,1.0,True,2,0,1,1,1,0.5,True,0.5,0.0,-0.5
95,1,4827,38876,1,0,1,1,1,0.6309297535714575,True,9,0,0,0,1,0.2890648263178879,True,9,0,0,0,1,0.2890648263178879,True,8,0,0,0,1,0.3010299956639812,True,-0.34186492725356965,0.0,0.011965169346093318
96,1,3359,150932,0,1,1,1,1,1.0,True,0,1,1,1,1,1.0,True,0,1,1,1,1,1.0,True,1,0,1,1,1,0.6309297535714575,True,0.0,0.0,-0.36907024642854247
97,1,615,62959,9,0,0,0,1,0.2890648263178879,True,9,0,0,0,1,0.2890648263178879,True,9,0,0,0,1,0.2890648263178879,True,1,0,1,1,1,0.6309297535714575,True,0.0,0.0,0.34186492725356965
98,1,4455,8690,1,0,1,1,1,0.6309297535714575,True,3,0,0,1,1,0.43067655807339306,True,1,0,1,1,1,0.6309297535714575,True,1,0,1,1,1,0.6309297535714575,True,-0.20025319549806447,0.20025319549806447,0.0
99,1,5274,66640,1,0,1,1,1,0.6309297535714575,True,1,0,1,1,1,0.6309297535714575,True,1,0,1,1,1,0.6309297535714575,True,0,1,1,1,1,1.0,True,0.0,0.0,0.36907024642854247
100,1,284,93709,2,0,1,1,1,0.5,True,2,0,1,1,1,0.5,True,2,0,1,1,1,0.5,True,2,0,1,1,1,0.5,True,0.0,0.0,0.0
101,2,5372,166573,3,0,0,1,1,0.43067655807339306,True,1,0,1,1,1,0.6309297535714575,True,1,0,1,1,1,0.6309297535714575,True,1,0,1,1,1,0.6309297535714575,True,0.20025319549806447,0.0,0.0
102,2,7354,83771,0,1,1,1,1,1.0,True,0,1,1,1,1,1.0,True,0,1,1,1,1,1.0,True,0,1,1,1,1,1.0,True,0.0,0.0,0.0
103,2,4689,26670,5,0,0,0,1,0.3562071871080222,True,4,0,0,1,1,0.38685280723454163,True,7,0,0,0,1,0.31546487678572877,True,6,0,0,0,1,0.3333333333333333,True,0.030645620126519446,-0.07138793044881286,0.01786845654760455
104,2,5660,177635,8,0,0,0,1,0.3010299956639812,True,1,0,1,1,1,0.6309297535714575,True,1,0,1,1,1,0.6309297535714575,True,8,0,0,0,1,0.3010299956639812,True,0.32989975790747633,0.0,-0.32989975790747633
105,2,5424,158179,0,1,1,1,1,1.0,True,4,0,0,1,1,0.38685280723454163,True,4,0,0,1,1,0.38685280723454163,True,4,0,0,1,1,0.38685280723454163,True,-0.6131471927654584,0.0,0.0
106,2,4499,138970,3,0,0,1,1,0.43067655807339306,True,1,0,1,1,1,0.6309297535714575,True,5,0,0,0,1,0.3562071871080222,True,2,0,1,1,1,0.5,True,0.20025319549806447,-0.27472256646343535,0.14379281289197782
107,2,6620,184236,0,1,1,1,1,1.0,True,0,1,1,1,1,1.0,True,0,1,1,1,1,1.0,True,0,1,1,1,1,1.0,True,0.0,0.0,0.0
108,2,2551,134964,7,0,0,0,1,0.31546487678572877,True,5,0,0,0,1,0.3562071871080222,True,6,0,0,0,1,0.3333333333333333,True,4,0,0,1,1,0.38685280723454163,True,0.04074231032229342,-0.022873853774688868,0.053519473901208314
109,2,2798,123219,0,1,1,1,1,1.0,True,0,1,1,1,1,1.0,True,0,1,1,1,1,1.0,True,0,1,1,1,1,1.0,True,0.0,0.0,0.0
110,2,2653,5330,0,1,1,1,1,1.0,True,0,1,1,1,1,1.0,True,0,1,1,1,1,1.0,True,0,1,1,1,1,1.0,True,0.0,0.0,0.0
111,2,1543,13553,1,0,1,1,1,0.6309297535714575,True,4,0,0,1,1,0.38685280723454163,True,4,0,0,1,1,0.38685280723454163,True,1,0,1,1,1,0.6309297535714575,True,-0.2440769463369159,0.0,0.2440769463369159
112,2,1669,117097,0,1,1,1,1,1.0,True,10,0,0,0,0,0.0,False,10,0,0,0,0,0.0,False,0,1,1,1,1,1.0,True,-1.0,0.0,1.0
113,2,104,10011,1,0,1,1,1,0.6309297535714575,True,4,0,0,1,1,0.38685280723454163,True,3,0,0,1,1,0.43067655807339306,True,5,0,0,0,1,0.3562071871080222,True,-0.2440769463369159,0.04382375083885143,-0.07446937096537087
114,2,5354,59207,9,0,0,0,1,0.2890648263178879,True,9,0,0,0,1,0.2890648263178879,True,9,0,0,0,1,0.2890648263178879,True,9,0,0,0,1,0.2890648263178879,True,0.0,0.0,0.0
115,2,2474,163675,0,1,1,1,1,1.0,True,0,1,1,1,1,1.0,True,0,1,1,1,1,1.0,True,0,1,1,1,1,1.0,True,0.0,0.0,0.0
116,2,490,139170,0,1,1,1,1,1.0,True,0,1,1,1,1,1.0,True,0,1,1,1,1,1.0,True,0,1,1,1,1,1.0,True,0.0,0.0,0.0
117,2,3497,36732,8,0,0,0,1,0.3010299956639812,True,8,0,0,0,1,0.3010299956639812,True,8,0,0,0,1,0.3010299956639812,True,8,0,0,0,1,0.3010299956639812,True,0.0,0.0,0.0
118,2,990,138822,7,0,0,0,1,0.31546487678572877,True,7,0,0,0,1,0.31546487678572877,True,7,0,0,0,1,0.31546487678572877,True,7,0,0,0,1,0.31546487678572877,True,0.0,0.0,0.0
119,2,27,132115,2,0,1,1,1,0.5,True,2,0,1,1,1,0.5,True,2,0,1,1,1,0.5,True,2,0,1,1,1,0.5,True,0.0,0.0,0.0
120,2,5371,160140,7,0,0,0,1,0.31546487678572877,True,2,0,1,1,1,0.5,True,2,0,1,1,1,0.5,True,7,0,0,0,1,0.31546487678572877,True,0.18453512321427123,0.0,-0.18453512321427123
121,2,4961,156144,2,0,1,1,1,0.5,True,1,0,1,1,1,0.6309297535714575,True,1,0,1,1,1,0.6309297535714575,True,1,0,1,1,1,0.6309297535714575,True,0.13092975357145753,0.0,0.0
122,2,6125,139301,3,0,0,1,1,0.43067655807339306,True,4,0,0,1,1,0.38685280723454163,True,4,0,0,1,1,0.38685280723454163,True,4,0,0,1,1,0.38685280723454163,True,-0.04382375083885143,0.0,0.0
123,2,3168,56859,3,0,0,1,1,0.43067655807339306,True,4,0,0,1,1,0.38685280723454163,True,4,0,0,1,1,0.38685280723454163,True,4,0,0,1,1,0.38685280723454163,True,-0.04382375083885143,0.0,0.0
124,2,5331,33725,0,1,1,1,1,1.0,True,5,0,0,0,1,0.3562071871080222,True,5,0,0,0,1,0.3562071871080222,True,0,1,1,1,1,1.0,True,-0.6437928128919779,0.0,0.6437928128919779
125,2,2464,12237,0,1,1,1,1,1.0,True,0,1,1,1,1,1.0,True,0,1,1,1,1,1.0,True,0,1,1,1,1,1.0,True,0.0,0.0,0.0
126,2,3947,22458,1,0,1,1,1,0.6309297535714575,True,0,1,1,1,1,1.0,True,0,1,1,1,1,1.0,True,0,1,1,1,1,1.0,True,0.36907024642854247,0.0,0.0
127,2,3813,184713,0,1,1,1,1,1.0,True,0,1,1,1,1,1.0,True,0,1,1,1,1,1.0,True,0,1,1,1,1,1.0,True,0.0,0.0,0.0
128,2,1815,23433,0,1,1,1,1,1.0,True,0,1,1,1,1,1.0,True,0,1,1,1,1,1.0,True,0,1,1,1,1,1.0,True,0.0,0.0,0.0
129,2,2893,137372,4,0,0,1,1,0.38685280723454163,True,4,0,0,1,1,0.38685280723454163,True,4,0,0,1,1,0.38685280723454163,True,0,1,1,1,1,1.0,True,0.0,0.0,0.6131471927654584
130,2,2399,147935,0,1,1,1,1,1.0,True,0,1,1,1,1,1.0,True,0,1,1,1,1,1.0,True,0,1,1,1,1,1.0,True,0.0,0.0,0.0
131,2,2161,16322,9,0,0,0,1,0.2890648263178879,True,9,0,0,0,1,0.2890648263178879,True,9,0,0,0,1,0.2890648263178879,True,9,0,0,0,1,0.2890648263178879,True,0.0,0.0,0.0
132,2,5546,32796,1,0,1,1,1,0.6309297535714575,True,1,0,1,1,1,0.6309297535714575,True,1,0,1,1,1,0.6309297535714575,True,1,0,1,1,1,0.6309297535714575,True,0.0,0.0,0.0
133,2,5400,119156,0,1,1,1,1,1.0,True,4,0,0,1,1,0.38685280723454163,True,2,0,1,1,1,0.5,True,5,0,0,0,1,0.3562071871080222,True,-0.6131471927654584,0.11314719276545837,-0.14379281289197782
134,2,4483,136233,0,1,1,1,1,1.0,True,0,1,1,1,1,1.0,True,1,0,1,1,1,0.6309297535714575,True,1,0,1,1,1,0.6309297535714575,True,0.0,-0.36907024642854247,0.0
135,2,2018,55189,0,1,1,1,1,1.0,True,0,1,1,1,1,1.0,True,0,1,1,1,1,1.0,True,1,0,1,1,1,0.6309297535714575,True,0.0,0.0,-0.36907024642854247
136,2,4273,67676,10,0,0,0,0,0.0,False,10,0,0,0,0,0.0,False,10,0,0,0,0,0.0,False,10,0,0,0,0,0.0,False,0.0,0.0,0.0
137,2,272,174492,0,1,1,1,1,1.0,True,0,1,1,1,1,1.0,True,0,1,1,1,1,1.0,True,0,1,1,1,1,1.0,True,0.0,0.0,0.0
138,2,1376,53450,0,1,1,1,1,1.0,True,0,1,1,1,1,1.0,True,0,1,1,1,1,1.0,True,0,1,1,1,1,1.0,True,0.0,0.0,0.0
139,2,223,156230,6,0,0,0,1,0.3333333333333333,True,6,0,0,0,1,0.3333333333333333,True,6,0,0,0,1,0.3333333333333333,True,6,0,0,0,1,0.3333333333333333,True,0.0,0.0,0.0
140,2,5147,184502,1,0,1,1,1,0.6309297535714575,True,1,0,1,1,1,0.6309297535714575,True,2,0,1,1,1,0.5,True,1,0,1,1,1,0.6309297535714575,True,0.0,-0.13092975357145753,0.13092975357145753
141,2,2330,186219,0,1,1,1,1,1.0,True,0,1,1,1,1,1.0,True,0,1,1,1,1,1.0,True,0,1,1,1,1,1.0,True,0.0,0.0,0.0
142,2,7234,55982,6,0,0,0,1,0.3333333333333333,True,8,0,0,0,1,0.3010299956639812,True,8,0,0,0,1,0.3010299956639812,True,8,0,0,0,1,0.3010299956639812,True,-0.03230333766935212,0.0,0.0
143,2,4153,87401,0,1,1,1,1,1.0,True,0,1,1,1,1,1.0,True,0,1,1,1,1,1.0,True,0,1,1,1,1,1.0,True,0.0,0.0,0.0
144,2,925,140513,1,0,1,1,1,0.6309297535714575,True,1,0,1,1,1,0.6309297535714575,True,1,0,1,1,1,0.6309297535714575,True,3,0,0,1,1,0.43067655807339306,True,0.0,0.0,-0.20025319549806447
145,2,1600,11165,1,0,1,1,1,0.6309297535714575,True,0,1,1,1,1,1.0,True,3,0,0,1,1,0.43067655807339306,True,2,0,1,1,1,0.5,True,0.36907024642854247,-0.5693234419266069,0.06932344192660694
146,2,5259,109784,0,1,1,1,1,1.0,True,0,1,1,1,1,1.0,True,0,1,1,1,1,1.0,True,1,0,1,1,1,0.6309297535714575,True,0.0,0.0,-0.36907024642854247
147,2,1929,30142,2,0,1,1,1,0.5,True,5,0,0,0,1,0.3562071871080222,True,1,0,1,1,1,0.6309297535714575,True,4,0,0,1,1,0.38685280723454163,True,-0.14379281289197782,0.27472256646343535,-0.2440769463369159
148,2,6731,183108,0,1,1,1,1,1.0,True,1,0,1,1,1,0.6309297535714575,True,2,0,1,1,1,0.5,True,2,0,1,1,1,0.5,True,-0.36907024642854247,-0.13092975357145753,0.0
149,2,627,14997,0,1,1,1,1,1.0,True,3,0,0,1,1,0.43067655807339306,True,3,0,0,1,1,0.43067655807339306,True,4,0,0,1,1,0.38685280723454163,True,-0.5693234419266069,0.0,-0.04382375083885143
150,2,893,42653,1,0,1,1,1,0.6309297535714575,True,2,0,1,1,1,0.5,True,1,0,1,1,1,0.6309297535714575,True,1,0,1,1,1,0.6309297535714575,True,-0.13092975357145753,0.13092975357145753,0.0
151,2,640,13646,0,1,1,1,1,1.0,True,0,1,1,1,1,1.0,True,0,1,1,1,1,1.0,True,0,1,1,1,1,1.0,True,0.0,0.0,0.0
152,2,5953,14198,0,1,1,1,1,1.0,True,0,1,1,1,1,1.0,True,0,1,1,1,1,1.0,True,0,1,1,1,1,1.0,True,0.0,0.0,0.0
153,2,1240,115409,0,1,1,1,1,1.0,True,0,1,1,1,1,1.0,True,0,1,1,1,1,1.0,True,0,1,1,1,1,1.0,True,0.0,0.0,0.0
154,2,3423,181412,0,1,1,1,1,1.0,True,0,1,1,1,1,1.0,True,0,1,1,1,1,1.0,True,0,1,1,1,1,1.0,True,0.0,0.0,0.0
155,2,6812,82203,2,0,1,1,1,0.5,True,2,0,1,1,1,0.5,True,2,0,1,1,1,0.5,True,2,0,1,1,1,0.5,True,0.0,0.0,0.0
156,2,5190,64124,0,1,1,1,1,1.0,True,0,1,1,1,1,1.0,True,0,1,1,1,1,1.0,True,0,1,1,1,1,1.0,True,0.0,0.0,0.0
157,2,1506,71611,0,1,1,1,1,1.0,True,4,0,0,1,1,0.38685280723454163,True,4,0,0,1,1,0.38685280723454163,True,0,1,1,1,1,1.0,True,-0.6131471927654584,0.0,0.6131471927654584
158,2,814,31791,7,0,0,0,1,0.31546487678572877,True,5,0,0,0,1,0.3562071871080222,True,8,0,0,0,1,0.3010299956639812,True,4,0,0,1,1,0.38685280723454163,True,0.04074231032229342,-0.055177191444040985,0.08582281157056043
159,2,5717,58251,0,1,1,1,1,1.0,True,0,1,1,1,1,1.0,True,0,1,1,1,1,1.0,True,0,1,1,1,1,1.0,True,0.0,0.0,0.0
160,2,5980,143112,2,0,1,1,1,0.5,True,2,0,1,1,1,0.5,True,2,0,1,1,1,0.5,True,1,0,1,1,1,0.6309297535714575,True,0.0,0.0,0.13092975357145753
161,2,5679,176679,0,1,1,1,1,1.0,True,0,1,1,1,1,1.0,True,0,1,1,1,1,1.0,True,0,1,1,1,1,1.0,True,0.0,0.0,0.0
162,2,6475,26504,1,0,1,1,1,0.6309297535714575,True,2,0,1,1,1,0.5,True,2,0,1,1,1,0.5,True,2,0,1,1,1,0.5,True,-0.13092975357145753,0.0,0.0
163,2,6084,76131,1,0,1,1,1,0.6309297535714575,True,0,1,1,1,1,1.0,True,0,1,1,1,1,1.0,True,0,1,1,1,1,1.0,True,0.36907024642854247,0.0,0.0
164,2,3878,2209,0,1,1,1,1,1.0,True,1,0,1,1,1,0.6309297535714575,True,1,0,1,1,1,0.6309297535714575,True,0,1,1,1,1,1.0,True,-0.36907024642854247,0.0,0.36907024642854247
165,2,7333,25152,0,1,1,1,1,1.0,True,0,1,1,1,1,1.0,True,0,1,1,1,1,1.0,True,0,1,1,1,1,1.0,True,0.0,0.0,0.0
166,2,7273,98599,10,0,0,0,0,0.0,False,10,0,0,0,0,0.0,False,0,1,1,1,1,1.0,True,10,0,0,0,0,0.0,False,0.0,1.0,-1.0
167,2,3395,64786,4,0,0,1,1,0.38685280723454163,True,4,0,0,1,1,0.38685280723454163,True,4,0,0,1,1,0.38685280723454163,True,4,0,0,1,1,0.38685280723454163,True,0.0,0.0,0.0
168,2,5588,178582,10,0,0,0,0,0.0,False,10,0,0,0,0,0.0,False,10,0,0,0,0,0.0,False,10,0,0,0,0,0.0,False,0.0,0.0,0.0
169,2,7145,116273,1,0,1,1,1,0.6309297535714575,True,2,0,1,1,1,0.5,True,0,1,1,1,1,1.0,True,1,0,1,1,1,0.6309297535714575,True,-0.13092975357145753,0.5,-0.36907024642854247
170,2,2455,127049,0,1,1,1,1,1.0,True,0,1,1,1,1,1.0,True,0,1,1,1,1,1.0,True,0,1,1,1,1,1.0,True,0.0,0.0,0.0
171,2,3339,78793,1,0,1,1,1,0.6309297535714575,True,0,1,1,1,1,1.0,True,0,1,1,1,1,1.0,True,0,1,1,1,1,1.0,True,0.36907024642854247,0.0,0.0
172,2,6577,181430,0,1,1,1,1,1.0,True,0,1,1,1,1,1.0,True,0,1,1,1,1,1.0,True,0,1,1,1,1,1.0,True,0.0,0.0,0.0
173,2,3506,47012,0,1,1,1,1,1.0,True,0,1,1,1,1,1.0,True,0,1,1,1,1,1.0,True,0,1,1,1,1,1.0,True,0.0,0.0,0.0
174,2,3297,116813,0,1,1,1,1,1.0,True,0,1,1,1,1,1.0,True,0,1,1,1,1,1.0,True,1,0,1,1,1,0.6309297535714575,True,0.0,0.0,-0.36907024642854247
175,2,1500,54692,7,0,0,0,1,0.31546487678572877,True,6,0,0,0,1,0.3333333333333333,True,6,0,0,0,1,0.3333333333333333,True,6,0,0,0,1,0.3333333333333333,True,0.01786845654760455,0.0,0.0
176,2,6100,14782,1,0,1,1,1,0.6309297535714575,True,4,0,0,1,1,0.38685280723454163,True,4,0,0,1,1,0.38685280723454163,True,1,0,1,1,1,0.6309297535714575,True,-0.2440769463369159,0.0,0.2440769463369159
177,2,4540,123037,1,0,1,1,1,0.6309297535714575,True,1,0,1,1,1,0.6309297535714575,True,1,0,1,1,1,0.6309297535714575,True,0,1,1,1,1,1.0,True,0.0,0.0,0.36907024642854247
178,2,293,117852,0,1,1,1,1,1.0,True,0,1,1,1,1,1.0,True,0,1,1,1,1,1.0,True,0,1,1,1,1,1.0,True,0.0,0.0,0.0
179,2,708,14382,0,1,1,1,1,1.0,True,0,1,1,1,1,1.0,True,0,1,1,1,1,1.0,True,0,1,1,1,1,1.0,True,0.0,0.0,0.0
180,2,2821,1902,1,0,1,1,1,0.6309297535714575,True,0,1,1,1,1,1.0,True,0,1,1,1,1,1.0,True,0,1,1,1,1,1.0,True,0.36907024642854247,0.0,0.0
181,2,5084,13077,0,1,1,1,1,1.0,True,0,1,1,1,1,1.0,True,0,1,1,1,1,1.0,True,0,1,1,1,1,1.0,True,0.0,0.0,0.0
182,2,5514,97953,5,0,0,0,1,0.3562071871080222,True,1,0,1,1,1,0.6309297535714575,True,1,0,1,1,1,0.6309297535714575,True,5,0,0,0,1,0.3562071871080222,True,0.27472256646343535,0.0,-0.27472256646343535
183,2,7162,23476,4,0,0,1,1,0.38685280723454163,True,4,0,0,1,1,0.38685280723454163,True,4,0,0,1,1,0.38685280723454163,True,4,0,0,1,1,0.38685280723454163,True,0.0,0.0,0.0
184,2,5948,188138,9,0,0,0,1,0.2890648263178879,True,9,0,0,0,1,0.2890648263178879,True,9,0,0,0,1,0.2890648263178879,True,9,0,0,0,1,0.2890648263178879,True,0.0,0.0,0.0
185,2,3610,36787,0,1,1,1,1,1.0,True,0,1,1,1,1,1.0,True,0,1,1,1,1,1.0,True,0,1,1,1,1,1.0,True,0.0,0.0,0.0
186,2,2093,46532,0,1,1,1,1,1.0,True,0,1,1,1,1,1.0,True,0,1,1,1,1,1.0,True,0,1,1,1,1,1.0,True,0.0,0.0,0.0
187,2,2823,60889,9,0,0,0,1,0.2890648263178879,True,9,0,0,0,1,0.2890648263178879,True,9,0,0,0,1,0.2890648263178879,True,9,0,0,0,1,0.2890648263178879,True,0.0,0.0,0.0
188,2,3188,89151,0,1,1,1,1,1.0,True,0,1,1,1,1,1.0,True,0,1,1,1,1,1.0,True,0,1,1,1,1,1.0,True,0.0,0.0,0.0
189,2,3803,15603,0,1,1,1,1,1.0,True,0,1,1,1,1,1.0,True,0,1,1,1,1,1.0,True,0,1,1,1,1,1.0,True,0.0,0.0,0.0
190,2,4952,169717,9,0,0,0,1,0.2890648263178879,True,8,0,0,0,1,0.3010299956639812,True,8,0,0,0,1,0.3010299956639812,True,9,0,0,0,1,0.2890648263178879,True,0.011965169346093318,0.0,-0.011965169346093318
191,2,1940,108292,8,0,0,0,1,0.3010299956639812,True,10,0,0,0,0,0.0,False,8,0,0,0,1,0.3010299956639812,True,8,0,0,0,1,0.3010299956639812,True,-0.3010299956639812,0.3010299956639812,0.0
192,2,6967,10106,7,0,0,0,1,0.31546487678572877,True,7,0,0,0,1,0.31546487678572877,True,1,0,1,1,1,0.6309297535714575,True,1,0,1,1,1,0.6309297535714575,True,0.0,0.31546487678572877,0.0
193,2,3419,82333,0,1,1,1,1,1.0,True,0,1,1,1,1,1.0,True,0,1,1,1,1,1.0,True,0,1,1,1,1,1.0,True,0.0,0.0,0.0
194,2,4497,116299,0,1,1,1,1,1.0,True,0,1,1,1,1,1.0,True,0,1,1,1,1,1.0,True,0,1,1,1,1,1.0,True,0.0,0.0,0.0
195,2,4652,5984,7,0,0,0,1,0.31546487678572877,True,5,0,0,0,1,0.3562071871080222,True,8,0,0,0,1,0.3010299956639812,True,6,0,0,0,1,0.3333333333333333,True,0.04074231032229342,-0.055177191444040985,0.03230333766935212
196,2,8,99671,0,1,1,1,1,1.0,True,0,1,1,1,1,1.0,True,9,0,0,0,1,0.2890648263178879,True,0,1,1,1,1,1.0,True,0.0,-0.7109351736821121,0.7109351736821121
197,2,5856,43348,0,1,1,1,1,1.0,True,0,1,1,1,1,1.0,True,0,1,1,1,1,1.0,True,0,1,1,1,1,1.0,True,0.0,0.0,0.0
198,2,3592,107369,3,0,0,1,1,0.43067655807339306,True,3,0,0,1,1,0.43067655807339306,True,3,0,0,1,1,0.43067655807339306,True,3,0,0,1,1,0.43067655807339306,True,0.0,0.0,0.0
199,2,5088,46339,0,1,1,1,1,1.0,True,0,1,1,1,1,1.0,True,0,1,1,1,1,1.0,True,0,1,1,1,1,1.0,True,0.0,0.0,0.0
200,2,325,77905,2,0,1,1,1,0.5,True,2,0,1,1,1,0.5,True,2,0,1,1,1,0.5,True,2,0,1,1,1,0.5,True,0.0,0.0,0.0
201,3,7272,167611,2,0,1,1,1,0.5,True,3,0,0,1,1,0.43067655807339306,True,2,0,1,1,1,0.5,True,5,0,0,0,1,0.3562071871080222,True,-0.06932344192660694,0.06932344192660694,-0.14379281289197782
202,3,5509,103067,9,0,0,0,1,0.2890648263178879,True,2,0,1,1,1,0.5,True,0,1,1,1,1,1.0,True,9,0,0,0,1,0.2890648263178879,True,0.21093517368211212,0.5,-0.7109351736821121
203,3,7334,150467,0,1,1,1,1,1.0,True,2,0,1,1,1,0.5,True,2,0,1,1,1,0.5,True,0,1,1,1,1,1.0,True,-0.5,0.0,0.5
204,3,4048,124153,1,0,1,1,1,0.6309297535714575,True,3,0,0,1,1,0.43067655807339306,True,1,0,1,1,1,0.6309297535714575,True,0,1,1,1,1,1.0,True,-0.20025319549806447,0.20025319549806447,0.36907024642854247
205,3,5604,38405,0,1,1,1,1,1.0,True,0,1,1,1,1,1.0,True,0,1,1,1,1,1.0,True,0,1,1,1,1,1.0,True,0.0,0.0,0.0
206,3,6901,174390,6,0,0,0,1,0.3333333333333333,True,5,0,0,0,1,0.3562071871080222,True,1,0,1,1,1,0.6309297535714575,True,6,0,0,0,1,0.3333333333333333,True,0.022873853774688868,0.27472256646343535,-0.2975964202381242
207,3,5065,21852,4,0,0,1,1,0.38685280723454163,True,4,0,0,1,1,0.38685280723454163,True,4,0,0,1,1,0.38685280723454163,True,4,0,0,1,1,0.38685280723454163,True,0.0,0.0,0.0
208,3,5728,171901,1,0,1,1,1,0.6309297535714575,True,1,0,1,1,1,0.6309297535714575,True,1,0,1,1,1,0.6309297535714575,True,1,0,1,1,1,0.6309297535714575,True,0.0,0.0,0.0
209,3,563,51264,7,0,0,0,1,0.31546487678572877,True,7,0,0,0,1,0.31546487678572877,True,10,0,0,0,0,0.0,False,6,0,0,0,1,0.3333333333333333,True,0.0,-0.31546487678572877,0.3333333333333333
210,3,2084,25618,1,0,1,1,1,0.6309297535714575,True,1,0,1,1,1,0.6309297535714575,True,1,0,1,1,1,0.6309297535714575,True,1,0,1,1,1,0.6309297535714575,True,0.0,0.0,0.0
211,3,4950,156464,5,0,0,0,1,0.3562071871080222,True,6,0,0,0,1,0.3333333333333333,True,5,0,0,0,1,0.3562071871080222,True,6,0,0,0,1,0.3333333333333333,True,-0.022873853774688868,0.022873853774688868,-0.022873853774688868
212,3,2052,83250,1,0,1,1,1,0.6309297535714575,True,0,1,1,1,1,1.0,True,0,1,1,1,1,1.0,True,1,0,1,1,1,0.6309297535714575,True,0.36907024642854247,0.0,-0.36907024642854247
213,3,2022,163454,9,0,0,0,1,0.2890648263178879,True,6,0,0,0,1,0.3333333333333333,True,6,0,0,0,1,0.3333333333333333,True,8,0,0,0,1,0.3010299956639812,True,0.044268507015445435,0.0,-0.03230333766935212
214,3,484,154763,0,1,1,1,1,1.0,True,0,1,1,1,1,1.0,True,0,1,1,1,1,1.0,True,0,1,1,1,1,1.0,True,0.0,0.0,0.0
215,3,837,113513,7,0,0,0,1,0.31546487678572877,True,8,0,0,0,1,0.3010299956639812,True,8,0,0,0,1,0.3010299956639812,True,7,0,0,0,1,0.31546487678572877,True,-0.014434881121747567,0.0,0.014434881121747567
216,3,5347,129706,0,1,1,1,1,1.0,True,0,1,1,1,1,1.0,True,0,1,1,1,1,1.0,True,0,1,1,1,1,1.0,True,0.0,0.0,0.0
217,3,6749,105857,9,0,0,0,1,0.2890648263178879,True,7,0,0,0,1,0.31546487678572877,True,7,0,0,0,1,0.31546487678572877,True,9,0,0,0,1,0.2890648263178879,True,0.026400050467840885,0.0,-0.026400050467840885
218,3,3238,176590,0,1,1,1,1,1.0,True,0,1,1,1,1,1.0,True,0,1,1,1,1,1.0,True,0,1,1,1,1,1.0,True,0.0,0.0,0.0
219,3,4914,135629,0,1,1,1,1,1.0,True,0,1,1,1,1,1.0,True,0,1,1,1,1,1.0,True,0,1,1,1,1,1.0,True,0.0,0.0,0.0
220,3,5611,10364,3,0,0,1,1,0.43067655807339306,True,0,1,1,1,1,1.0,True,0,1,1,1,1,1.0,True,0,1,1,1,1,1.0,True,0.5693234419266069,0.0,0.0
221,3,2496,162566,1,0,1,1,1,0.6309297535714575,True,0,1,1,1,1,1.0,True,1,0,1,1,1,0.6309297535714575,True,0,1,1,1,1,1.0,True,0.36907024642854247,-0.36907024642854247,0.36907024642854247
222,3,6971,21286,0,1,1,1,1,1.0,True,1,0,1,1,1,0.6309297535714575,True,3,0,0,1,1,0.43067655807339306,True,0,1,1,1,1,1.0,True,-0.36907024642854247,-0.20025319549806447,0.5693234419266069
223,3,2768,150095,2,0,1,1,1,0.5,True,0,1,1,1,1,1.0,True,0,1,1,1,1,1.0,True,1,0,1,1,1,0.6309297535714575,True,0.5,0.0,-0.36907024642854247
224,3,3907,66325,1,0,1,1,1,0.6309297535714575,True,9,0,0,0,1,0.2890648263178879,True,1,0,1,1,1,0.6309297535714575,True,1,0,1,1,1,0.6309297535714575,True,-0.34186492725356965,0.34186492725356965,0.0
225,3,6883,128610,0,1,1,1,1,1.0,True,0,1,1,1,1,1.0,True,0,1,1,1,1,1.0,True,0,1,1,1,1,1.0,True,0.0,0.0,0.0
226,3,4546,163133,4,0,0,1,1,0.38685280723454163,True,0,1,1,1,1,1.0,True,10,0,0,0,0,0.0,False,0,1,1,1,1,1.0,True,0.6131471927654584,-1.0,1.0
227,3,7187,38458,3,0,0,1,1,0.43067655807339306,True,0,1,1,1,1,1.0,True,0,1,1,1,1,1.0,True,9,0,0,0,1,0.2890648263178879,True,0.5693234419266069,0.0,-0.7109351736821121
228,3,5957,122202,0,1,1,1,1,1.0,True,2,0,1,1,1,0.5,True,0,1,1,1,1,1.0,True,0,1,1,1,1,1.0,True,-0.5,0.5,0.0
229,3,3330,162904,0,1,1,1,1,1.0,True,1,0,1,1,1,0.6309297535714575,True,1,0,1,1,1,0.6309297535714575,True,3,0,0,1,1,0.43067655807339306,True,-0.36907024642854247,0.0,-0.20025319549806447
230,3,5115,139687,0,1,1,1,1,1.0,True,0,1,1,1,1,1.0,True,0,1,1,1,1,1.0,True,0,1,1,1,1,1.0,True,0.0,0.0,0.0
231,3,525,15076,2,0,1,1,1,0.5,True,2,0,1,1,1,0.5,True,2,0,1,1,1,0.5,True,1,0,1,1,1,0.6309297535714575,True,0.0,0.0,0.13092975357145753
232,3,6159,161122,6,0,0,0,1,0.3333333333333333,True,2,0,1,1,1,0.5,True,2,0,1,1,1,0.5,True,7,0,0,0,1,0.31546487678572877,True,0.16666666666666669,0.0,-0.18453512321427123
233,3,6600,182195,0,1,1,1,1,1.0,True,0,1,1,1,1,1.0,True,0,1,1,1,1,1.0,True,0,1,1,1,1,1.0,True,0.0,0.0,0.0
234,3,3524,27840,5,0,0,0,1,0.3562071871080222,True,5,0,0,0,1,0.3562071871080222,True,5,0,0,0,1,0.3562071871080222,True,5,0,0,0,1,0.3562071871080222,True,0.0,0.0,0.0
235,3,5670,20566,7,0,0,0,1,0.31546487678572877,True,6,0,0,0,1,0.3333333333333333,True,6,0,0,0,1,0.3333333333333333,True,6,0,0,0,1,0.3333333333333333,True,0.01786845654760455,0.0,0.0
236,3,4013,127643,0,1,1,1,1,1.0,True,0,1,1,1,1,1.0,True,0,1,1,1,1,1.0,True,0,1,1,1,1,1.0,True,0.0,0.0,0.0
237,3,6386,173147,1,0,1,1,1,0.6309297535714575,True,1,0,1,1,1,0.6309297535714575,True,1,0,1,1,1,0.6309297535714575,True,2,0,1,1,1,0.5,True,0.0,0.0,-0.13092975357145753
238,3,3303,15189,0,1,1,1,1,1.0,True,0,1,1,1,1,1.0,True,0,1,1,1,1,1.0,True,0,1,1,1,1,1.0,True,0.0,0.0,0.0
239,3,4877,180318,1,0,1,1,1,0.6309297535714575,True,2,0,1,1,1,0.5,True,2,0,1,1,1,0.5,True,1,0,1,1,1,0.6309297535714575,True,-0.13092975357145753,0.0,0.13092975357145753
240,3,421,74046,1,0,1,1,1,0.6309297535714575,True,1,0,1,1,1,0.6309297535714575,True,2,0,1,1,1,0.5,True,1,0,1,1,1,0.6309297535714575,True,0.0,-0.13092975357145753,0.13092975357145753
241,3,3366,69457,1,0,1,1,1,0.6309297535714575,True,0,1,1,1,1,1.0,True,1,0,1,1,1,0.6309297535714575,True,0,1,1,1,1,1.0,True,0.36907024642854247,-0.36907024642854247,0.36907024642854247
242,3,2192,127709,2,0,1,1,1,0.5,True,2,0,1,1,1,0.5,True,2,0,1,1,1,0.5,True,2,0,1,1,1,0.5,True,0.0,0.0,0.0
243,3,7133,92584,3,0,0,1,1,0.43067655807339306,True,4,0,0,1,1,0.38685280723454163,True,4,0,0,1,1,0.38685280723454163,True,4,0,0,1,1,0.38685280723454163,True,-0.04382375083885143,0.0,0.0
244,3,3333,141030,8,0,0,0,1,0.3010299956639812,True,8,0,0,0,1,0.3010299956639812,True,8,0,0,0,1,0.3010299956639812,True,8,0,0,0,1,0.3010299956639812,True,0.0,0.0,0.0
245,3,619,40338,1,0,1,1,1,0.6309297535714575,True,1,0,1,1,1,0.6309297535714575,True,1,0,1,1,1,0.6309297535714575,True,1,0,1,1,1,0.6309297535714575,True,0.0,0.0,0.0
246,3,819,41019,4,0,0,1,1,0.38685280723454163,True,1,0,1,1,1,0.6309297535714575,True,1,0,1,1,1,0.6309297535714575,True,1,0,1,1,1,0.6309297535714575,True,0.2440769463369159,0.0,0.0
247,3,3172,33190,0,1,1,1,1,1.0,True,0,1,1,1,1,1.0,True,0,1,1,1,1,1.0,True,0,1,1,1,1,1.0,True,0.0,0.0,0.0
248,3,5981,14061,9,0,0,0,1,0.2890648263178879,True,9,0,0,0,1,0.2890648263178879,True,9,0,0,0,1,0.2890648263178879,True,9,0,0,0,1,0.2890648263178879,True,0.0,0.0,0.0
249,3,2358,78870,2,0,1,1,1,0.5,True,7,0,0,0,1,0.31546487678572877,True,1,0,1,1,1,0.6309297535714575,True,7,0,0,0,1,0.31546487678572877,True,-0.18453512321427123,0.31546487678572877,-0.31546487678572877
250,3,805,66969,7,0,0,0,1,0.31546487678572877,True,4,0,0,1,1,0.38685280723454163,True,4,0,0,1,1,0.38685280723454163,True,5,0,0,0,1,0.3562071871080222,True,0.07138793044881286,0.0,-0.030645620126519446
251,3,7178,22391,5,0,0,0,1,0.3562071871080222,True,5,0,0,0,1,0.3562071871080222,True,5,0,0,0,1,0.3562071871080222,True,4,0,0,1,1,0.38685280723454163,True,0.0,0.0,0.030645620126519446
252,3,4775,92669,2,0,1,1,1,0.5,True,2,0,1,1,1,0.5,True,0,1,1,1,1,1.0,True,2,0,1,1,1,0.5,True,0.0,0.5,-0.5
253,3,1368,144158,0,1,1,1,1,1.0,True,0,1,1,1,1,1.0,True,0,1,1,1,1,1.0,True,0,1,1,1,1,1.0,True,0.0,0.0,0.0
254,3,3394,150514,0,1,1,1,1,1.0,True,0,1,1,1,1,1.0,True,1,0,1,1,1,0.6309297535714575,True,0,1,1,1,1,1.0,True,0.0,-0.36907024642854247,0.36907024642854247
255,3,2880,96718,0,1,1,1,1,1.0,True,0,1,1,1,1,1.0,True,0,1,1,1,1,1.0,True,0,1,1,1,1,1.0,True,0.0,0.0,0.0
256,3,1976,138938,3,0,0,1,1,0.43067655807339306,True,9,0,0,0,1,0.2890648263178879,True,9,0,0,0,1,0.2890648263178879,True,9,0,0,0,1,0.2890648263178879,True,-0.14161173175550518,0.0,0.0
257,3,84,99191,7,0,0,0,1,0.31546487678572877,True,7,0,0,0,1,0.31546487678572877,True,7,0,0,0,1,0.31546487678572877,True,7,0,0,0,1,0.31546487678572877,True,0.0,0.0,0.0
258,3,3540,165218,0,1,1,1,1,1.0,True,0,1,1,1,1,1.0,True,0,1,1,1,1,1.0,True,0,1,1,1,1,1.0,True,0.0,0.0,0.0
259,3,2882,105082,0,1,1,1,1,1.0,True,0,1,1,1,1,1.0,True,0,1,1,1,1,1.0,True,0,1,1,1,1,1.0,True,0.0,0.0,0.0
260,3,1252,116966,6,0,0,0,1,0.3333333333333333,True,5,0,0,0,1,0.3562071871080222,True,5,0,0,0,1,0.3562071871080222,True,5,0,0,0,1,0.3562071871080222,True,0.022873853774688868,0.0,0.0
261,3,5761,20384,0,1,1,1,1,1.0,True,0,1,1,1,1,1.0,True,0,1,1,1,1,1.0,True,0,1,1,1,1,1.0,True,0.0,0.0,0.0
262,3,659,118085,4,0,0,1,1,0.38685280723454163,True,5,0,0,0,1,0.3562071871080222,True,5,0,0,0,1,0.3562071871080222,True,4,0,0,1,1,0.38685280723454163,True,-0.030645620126519446,0.0,0.030645620126519446
263,3,5095,127971,0,1,1,1,1,1.0,True,0,1,1,1,1,1.0,True,0,1,1,1,1,1.0,True,0,1,1,1,1,1.0,True,0.0,0.0,0.0
264,3,5293,161016,7,0,0,0,1,0.31546487678572877,True,8,0,0,0,1,0.3010299956639812,True,7,0,0,0,1,0.31546487678572877,True,7,0,0,0,1,0.31546487678572877,True,-0.014434881121747567,0.014434881121747567,0.0
265,3,6655,12262,6,0,0,0,1,0.3333333333333333,True,5,0,0,0,1,0.3562071871080222,True,5,0,0,0,1,0.3562071871080222,True,6,0,0,0,1,0.3333333333333333,True,0.022873853774688868,0.0,-0.022873853774688868
266,3,6387,153872,0,1,1,1,1,1.0,True,0,1,1,1,1,1.0,True,0,1,1,1,1,1.0,True,0,1,1,1,1,1.0,True,0.0,0.0,0.0
267,3,3565,92504,1,0,1,1,1,0.6309297535714575,True,0,1,1,1,1,1.0,True,0,1,1,1,1,1.0,True,0,1,1,1,1,1.0,True,0.36907024642854247,0.0,0.0
268,3,5234,181038,0,1,1,1,1,1.0,True,2,0,1,1,1,0.5,True,2,0,1,1,1,0.5,True,1,0,1,1,1,0.6309297535714575,True,-0.5,0.0,0.13092975357145753
269,3,4999,149584,8,0,0,0,1,0.3010299956639812,True,8,0,0,0,1,0.3010299956639812,True,4,0,0,1,1,0.38685280723454163,True,8,0,0,0,1,0.3010299956639812,True,0.0,0.08582281157056043,-0.08582281157056043
270,3,6842,48370,10,0,0,0,0,0.0,False,1,0,1,1,1,0.6309297535714575,True,1,0,1,1,1,0.6309297535714575,True,10,0,0,0,0,0.0,False,0.6309297535714575,0.0,-0.6309297535714575
271,3,962,184057,0,1,1,1,1,1.0,True,0,1,1,1,1,1.0,True,0,1,1,1,1,1.0,True,0,1,1,1,1,1.0,True,0.0,0.0,0.0
272,3,7243,122488,0,1,1,1,1,1.0,True,0,1,1,1,1,1.0,True,0,1,1,1,1,1.0,True,0,1,1,1,1,1.0,True,0.0,0.0,0.0
273,3,5674,60123,2,0,1,1,1,0.5,True,1,0,1,1,1,0.6309297535714575,True,0,1,1,1,1,1.0,True,1,0,1,1,1,0.6309297535714575,True,0.13092975357145753,0.36907024642854247,-0.36907024642854247
274,3,4634,165848,3,0,0,1,1,0.43067655807339306,True,1,0,1,1,1,0.6309297535714575,True,1,0,1,1,1,0.6309297535714575,True,3,0,0,1,1,0.43067655807339306,True,0.20025319549806447,0.0,-0.20025319549806447
275,3,5736,65868,3,0,0,1,1,0.43067655807339306,True,6,0,0,0,1,0.3333333333333333,True,3,0,0,1,1,0.43067655807339306,True,2,0,1,1,1,0.5,True,-0.09734322474005974,0.09734322474005974,0.06932344192660694
276,3,1265,49014,0,1,1,1,1,1.0,True,0,1,1,1,1,1.0,True,0,1,1,1,1,1.0,True,0,1,1,1,1,1.0,True,0.0,0.0,0.0
277,3,5390,124454,0,1,1,1,1,1.0,True,0,1,1,1,1,1.0,True,0,1,1,1,1,1.0,True,0,1,1,1,1,1.0,True,0.0,0.0,0.0
278,3,6459,962,9,0,0,0,1,0.2890648263178879,True,9,0,0,0,1,0.2890648263178879,True,9,0,0,0,1,0.2890648263178879,True,9,0,0,0,1,0.2890648263178879,True,0.0,0.0,0.0
279,3,6841,6409,0,1,1,1,1,1.0,True,1,0,1,1,1,0.6309297535714575,True,0,1,1,1,1,1.0,True,0,1,1,1,1,1.0,True,-0.36907024642854247,0.36907024642854247,0.0
280,3,2164,90599,5,0,0,0,1,0.3562071871080222,True,2,0,1,1,1,0.5,True,5,0,0,0,1,0.3562071871080222,True,2,0,1,1,1,0.5,True,0.14379281289197782,-0.14379281289197782,0.14379281289197782
281,3,810,106946,4,0,0,1,1,0.38685280723454163,True,4,0,0,1,1,0.38685280723454163,True,4,0,0,1,1,0.38685280723454163,True,4,0,0,1,1,0.38685280723454163,True,0.0,0.0,0.0
282,3,6208,171751,4,0,0,1,1,0.38685280723454163,True,2,0,1,1,1,0.5,True,2,0,1,1,1,0.5,True,3,0,0,1,1,0.43067655807339306,True,0.11314719276545837,0.0,-0.06932344192660694
283,3,114,83288,0,1,1,1,1,1.0,True,1,0,1,1,1,0.6309297535714575,True,0,1,1,1,1,1.0,True,0,1,1,1,1,1.0,True,-0.36907024642854247,0.36907024642854247,0.0
284,3,1235,4380,0,1,1,1,1,1.0,True,0,1,1,1,1,1.0,True,0,1,1,1,1,1.0,True,0,1,1,1,1,1.0,True,0.0,0.0,0.0
285,3,5628,95261,0,1,1,1,1,1.0,True,0,1,1,1,1,1.0,True,0,1,1,1,1,1.0,True,0,1,1,1,1,1.0,True,0.0,0.0,0.0
286,3,2735,82450,0,1,1,1,1,1.0,True,0,1,1,1,1,1.0,True,0,1,1,1,1,1.0,True,0,1,1,1,1,1.0,True,0.0,0.0,0.0
287,3,2458,30685,9,0,0,0,1,0.2890648263178879,True,8,0,0,0,1,0.3010299956639812,True,8,0,0,0,1,0.3010299956639812,True,9,0,0,0,1,0.2890648263178879,True,0.011965169346093318,0.0,-0.011965169346093318
288,3,5533,85522,3,0,0,1,1,0.43067655807339306,True,0,1,1,1,1,1.0,True,0,1,1,1,1,1.0,True,0,1,1,1,1,1.0,True,0.5693234419266069,0.0,0.0
289,3,6913,1900,4,0,0,1,1,0.38685280723454163,True,4,0,0,1,1,0.38685280723454163,True,4,0,0,1,1,0.38685280723454163,True,4,0,0,1,1,0.38685280723454163,True,0.0,0.0,0.0
290,3,5754,179201,4,0,0,1,1,0.38685280723454163,True,4,0,0,1,1,0.38685280723454163,True,4,0,0,1,1,0.38685280723454163,True,0,1,1,1,1,1.0,True,0.0,0.0,0.6131471927654584
291,3,4777,169266,3,0,0,1,1,0.43067655807339306,True,1,0,1,1,1,0.6309297535714575,True,0,1,1,1,1,1.0,True,0,1,1,1,1,1.0,True,0.20025319549806447,0.36907024642854247,0.0
292,3,5396,136057,0,1,1,1,1,1.0,True,0,1,1,1,1,1.0,True,0,1,1,1,1,1.0,True,0,1,1,1,1,1.0,True,0.0,0.0,0.0
293,3,1352,140075,0,1,1,1,1,1.0,True,0,1,1,1,1,1.0,True,0,1,1,1,1,1.0,True,0,1,1,1,1,1.0,True,0.0,0.0,0.0
294,3,5367,93980,0,1,1,1,1,1.0,True,0,1,1,1,1,1.0,True,0,1,1,1,1,1.0,True,0,1,1,1,1,1.0,True,0.0,0.0,0.0
295,3,4872,154021,1,0,1,1,1,0.6309297535714575,True,0,1,1,1,1,1.0,True,0,1,1,1,1,1.0,True,0,1,1,1,1,1.0,True,0.36907024642854247,0.0,0.0
296,3,6364,22622,2,0,1,1,1,0.5,True,0,1,1,1,1,1.0,True,2,0,1,1,1,0.5,True,2,0,1,1,1,0.5,True,0.5,-0.5,0.0
297,3,2981,64033,0,1,1,1,1,1.0,True,0,1,1,1,1,1.0,True,0,1,1,1,1,1.0,True,0,1,1,1,1,1.0,True,0.0,0.0,0.0
298,3,3483,137601,0,1,1,1,1,1.0,True,0,1,1,1,1,1.0,True,0,1,1,1,1,1.0,True,0,1,1,1,1,1.0,True,0.0,0.0,0.0
299,3,4966,168768,0,1,1,1,1,1.0,True,0,1,1,1,1,1.0,True,0,1,1,1,1,1.0,True,0,1,1,1,1,1.0,True,0.0,0.0,0.0
300,3,6649,164557,1,0,1,1,1,0.6309297535714575,True,1,0,1,1,1,0.6309297535714575,True,1,0,1,1,1,0.6309297535714575,True,1,0,1,1,1,0.6309297535714575,True,0.0,0.0,0.0
